{"cameraMode":{"drawMode":0,"name":"Shaded","section":"Shading Mode"},"sceneLighting":false,"audioPlay":false,"sceneViewState":{"m_AlwaysRefresh":true,"showFog":true,"showSkybox":false,"showFlares":true,"showImageEffects":true,"showParticleSystems":true,"showVisualEffectGraphs":true,"m_FxEnabled":true},"in2DMode":false,"pivot":{"x":-0.38149023056030276,"y":10.774085998535157,"z":1.9207763671875},"rotation":{"x":-0.013987812213599682,"y":0.9776847958564758,"z":-0.19799311459064485,"w":-0.06905443221330643},"size":29.298046112060548,"orthographic":false}