{"cameraMode":{"drawMode":0,"name":"Shaded","section":"Shading Mode"},"sceneLighting":false,"audioPlay":false,"sceneViewState":{"m_AlwaysRefresh":true,"showFog":true,"showSkybox":false,"showFlares":true,"showImageEffects":true,"showParticleSystems":true,"showVisualEffectGraphs":true,"m_FxEnabled":true},"in2DMode":false,"pivot":{"x":0.37231379747390749,"y":10.729402542114258,"z":8.569842338562012},"rotation":{"x":0.34955552220344546,"y":-0.050212837755680087,"z":0.018883729353547097,"w":0.9354618787765503},"size":19.630142211914064,"orthographic":false}