{"cameraMode":{"drawMode":0,"name":"Shaded","section":"Shading Mode"},"sceneLighting":false,"audioPlay":false,"sceneViewState":{"m_AlwaysRefresh":true,"showFog":true,"showSkybox":true,"showFlares":true,"showImageEffects":true,"showParticleSystems":true,"showVisualEffectGraphs":true,"m_FxEnabled":true},"in2DMode":false,"pivot":{"x":139.93885803222657,"y":2.7570176124572756,"z":-32.398040771484378},"rotation":{"x":0.11759225279092789,"y":0.5832682251930237,"z":-0.08536795526742935,"w":0.7993149757385254},"size":4.059994697570801,"orthographic":false}