{"cameraMode":{"drawMode":0,"name":"Shaded","section":"Shading Mode"},"sceneLighting":false,"audioPlay":false,"sceneViewState":{"m_AlwaysRefresh":true,"showFog":true,"showSkybox":true,"showFlares":true,"showImageEffects":true,"showParticleSystems":true,"showVisualEffectGraphs":true,"m_FxEnabled":true},"in2DMode":false,"pivot":{"x":9.678552627563477,"y":-21.72702407836914,"z":28.425138473510743},"rotation":{"x":-0.24226625263690949,"y":-0.055866699665784839,"z":0.013965804129838944,"w":-0.9685202836990356},"size":42.50109100341797,"orthographic":false}