{"cameraMode":{"drawMode":0,"name":"Shaded","section":"Shading Mode"},"sceneLighting":false,"audioPlay":false,"sceneViewState":{"m_AlwaysRefresh":true,"showFog":true,"showSkybox":true,"showFlares":true,"showImageEffects":true,"showParticleSystems":true,"showVisualEffectGraphs":true,"m_FxEnabled":true},"in2DMode":false,"pivot":{"x":124.52398681640625,"y":0.018746456131339074,"z":60.84659957885742},"rotation":{"x":-0.028724003583192827,"y":0.8676912188529968,"z":-0.49455487728118899,"w":-0.04795799031853676},"size":50.14282989501953,"orthographic":false}