{"cameraMode":{"drawMode":0,"name":"Shaded","section":"Shading Mode"},"sceneLighting":false,"audioPlay":false,"sceneViewState":{"m_AlwaysRefresh":true,"showFog":true,"showSkybox":false,"showFlares":true,"showImageEffects":true,"showParticleSystems":true,"showVisualEffectGraphs":true,"m_FxEnabled":true},"in2DMode":false,"pivot":{"x":1.3919930458068848,"y":17.493610382080079,"z":-0.6086406707763672},"rotation":{"x":-0.24226625263690949,"y":-0.055866699665784839,"z":0.013965804129838944,"w":-0.9685202836990356},"size":19.524669647216798,"orthographic":false}