{"cameraMode":{"drawMode":0,"name":"Shaded","section":"Shading Mode"},"sceneLighting":false,"audioPlay":false,"sceneViewState":{"m_AlwaysRefresh":true,"showFog":true,"showSkybox":false,"showFlares":true,"showImageEffects":true,"showParticleSystems":true,"showVisualEffectGraphs":true,"m_FxEnabled":true},"in2DMode":false,"pivot":{"x":0.0731513500213623,"y":3.4845948219299318,"z":2.153587818145752},"rotation":{"x":0.09903857856988907,"y":0.7999345064163208,"z":-0.13731679320335389,"w":0.5758486390113831},"size":2.1635000705718996,"orthographic":false}