{"cameraMode":{"drawMode":0,"name":"Shaded","section":"Shading Mode"},"sceneLighting":false,"audioPlay":false,"sceneViewState":{"m_AlwaysRefresh":true,"showFog":true,"showSkybox":false,"showFlares":true,"showImageEffects":true,"showParticleSystems":true,"showVisualEffectGraphs":true,"m_FxEnabled":true},"in2DMode":false,"pivot":{"x":3.1825971603393556,"y":2.9931366443634035,"z":-0.9570559859275818},"rotation":{"x":-0.15353278815746308,"y":0.7038110494613648,"z":-0.16030263900756837,"w":-0.6749491095542908},"size":0.663500189781189,"orthographic":false}